EmpID,Name,DOB,Age,Salary,Department,Manager,Location,Address,City
21,Payal Tiwari,(null),28,50000,HR,,Mumbai,123 MG Road,Mumbai
22,Durgesh Sharma,(null),35,150000,Admin,,Pune,45 Park Street,Kolkata
23,Jheel Tiwari,(null),26,80000,IT,Durgesh Sharma,Delhi,78 Brigade Road,Bangalore
24,Sonal Soni,(null),30,50000,IT,Durgesh Sharma,Nagpur,12 Nehru Marg,Delhi
25,Neha Gupta,(null),29,134569,HR,Payal Tiwari,Bangalore,56 Marine Drive,Mumbai
26,Amit Sharma,(null),29,55000,IT,Payal Tiwari,Delhi,89 Residency Road,Bangalore
27,Pooja Verma,(null),26,48000,HR,Durgesh Sharma,Pune,34 Sector 15,Noida
28,Rohit Mehta,(null),34,82000,Finance,Payal Tiwari,Delhi,67 Banjara Hills,Hyderabad
29,Sneha Patil,(null),28,61000,IT,Karan Singh,Nagpur,22 Ashok Nagar,Chennai
30,Karan Singh,(null),41,95000,Admin,,Bangalore,90 Salt Lake,Kolkata
33,Aman Kumar,(null),50,122000,Finance,Durgesh Sharma,Pune,,
35,Rahul Verma,(null),32,85000,IT,Payal Tiwari,Delhi,,
38,Richa Arora,(null),38,120000,Admin,Durgesh Sharma,Bangalore,,
41,demo,(null),23,34567,IT,Durgesh Sharma,Bangalore,,
43,Pihu Singh,(null),23,234556,Finance,Durgesh Sharma,Nagpur,,
44,Himanshu Jhaa,2001-08-21,24,567889,HR,Payal Tiwari,Pune,,
45,Sneha Khune,1998-03-09,27,345677,IT,Payal Tiwari,Mumbai,,
46,sgfgfdg,2004-12-06,21,123456,Admin,Jheel Tiwari,Delhi,,
47,Sumit Agrwal,2000-12-31,25,345677,IT,Jheel Tiwari,Nagpur,,
48,Vinod,2001-11-11,24,2334,HR,Payal Tiwari,Mumbai,,
49,Final Demo,1988-05-05,37,40000,HR,Payal Tiwari,Mumbai,,
50,Demo 2,2000-09-21,25,34000,IT,Jheel Tiwari,Delhi,,
51,demo 2,1994-10-04,31,60000,Admin,Jheel Tiwari,Nagpur,,
52,demo 3,2001-12-30,24,78990,Finance,Durgesh Sharma,Pune,,
53,demo 4,2003-02-14,22,23000,Admin,Durgesh Sharma,Bangalore,,
54,demo 5,1999-03-04,26,67890,HR,Payal Tiwari,Mumbai,,
55,demo 6,2000-01-01,26,23456,Admin,Durgesh Sharma,Bangalore,,
56,Demo 7,2000-01-01,26,23458,Finance,Durgesh Sharma,Pune,,
58,Demo Name,2005-03-23,20,45567,Finance,Durgesh Sharma,Pune,fgdfgdfhh,nagpur
